,0
0,TRBHUSP128F4242DD0
1,TRCDARR128F92D3C62
2,TRDKEXC12903D04EC7
3,TRPGMFI128F4265301
4,TRCOJCR128F425A388
5,TRPXQGF128F1467DF2
6,TRGTICV128F42798E9
7,TRUPAFF128E0793731
8,TRLRTND128F428A022
9,TRGCTTZ128F9338AC7
10,TRYOQRI12903CB1EC8
11,TRUFOPK128E07929AC
12,TRCFLSZ128F425E9B2
13,TRJOLWN128F145B052
14,TRAFQFV128F9326217
15,TRCOPIU128F92EAA18
16,TRKVPQX128F92F3F91
17,TRGMDKU12903CAC82E
18,TRWACSI128F145622C
19,TRGGJNJ128F427B865
20,TRXKGDU128F9319EC2
21,TRGBBAK128F145E8C1
22,TRCUZFH128F4278239
23,TRZVXWE128F9305F88
24,TRPPKMC128F92E3C1A
25,TRMARDV128F42A80B7
26,TRJBBSH128F92F84F6
27,TRZXVVT128F92D3FDE
28,TRMITYC128F424785E
29,TRNVQMT128F9319910
30,TRDSPTB12903CAB8A5
31,TRKZTKE128F42659E9
32,TRVWQFC12903D0139C
33,TRUHYTI12903CD4B2D
34,TRXSVNL128F931C0BC
35,TRHOFWE128F148BE45
36,TRXHUJF128F934A815
37,TRVKIBX128F42BCE52
38,TRHATRN128F934A8E2
39,TRBASRX12903C9FDA8
40,TRNMPUY12903C984EA
41,TRONLPS128F148AF37
42,TRFWSWX128F4269EE1
43,TRKYKXA128F92F36C4
44,TRZMSQF12903CA89CB
45,TRYXSYH128F93510D2
46,TRPRHDK128F9359896
47,TRCFYXU128F933A90F
48,TRBMDGL12903CDB507
49,TRPQKMJ128E0790AD4
50,TRCSTFA128E079192F
51,TRLOHNY128F4292262
52,TRSNHRT128F935F4F1
53,TREGYVR12903CC0C02
54,TRNWJVS128F4279AB8
55,TRSJSUW128F930F3D5
56,TRGSXWW128F42AC0EF
57,TRCRIWW128F1459DD0
58,TRHHFRP128F4292954
59,TRSKGPZ128F428CFF5
60,TRLXPSU128F92F0183
61,TRIABNX128F4261F57
62,TRDWEZI128F92F1594
63,TRFXPYE128F42A6DD9
64,TRHDLDH128F428A36C
65,TRHXMLF128F428EAA1
66,TRMYATR128F426FEEF
67,TRRGHIQ128F92DCFDF
68,TRCAHDH128F4266A60
69,TRCPSBJ128E0789B35
70,TRFXEXE128F92F598F
71,TRNFYFL128F931990D
72,TRYLLEK128F932003C
73,TRTHOPE128F931BEEC
74,TRTTWMY128E078EF53
75,TRBYJMH128F9300CD3
76,TRWYEVB12903CA449C
77,TRNHQCN12903C97C2E
78,TRLHBRU128E0792CED
79,TRYNHSE12903CBF477
80,TRPZUJN128F9338612
81,TRXMGGT128F92EC3AA
82,TRVQCKY128F4233466
83,TRYGIXL128F146B852
84,TRXZMTM128F427F0D5
85,TRDMZIU128F92F38F7
86,TRDEUBT128E078482A
87,TRQNKHQ128F42AC9BD
88,TRDDQLH128F427DC24
89,TRIKTYE128F42785A4
90,TRUQCHZ12903D07422
91,TRIEZXV128F9318B56
92,TRUOGUG128F145DB1A
93,TRRZBMF128E0782853
94,TRBKHKB128F93258A6
95,TROCAYI128F4271EA0
96,TRFKBAS12903CD8DEA
97,TRYIYUF128F932573D
98,TRRHVBW128F930974B
99,TRRTGMJ12903CA6C46
100,TRNTKPZ128F425A80C
101,TRAZQGW128F931197C
102,TRKSSJO12903CAAD30
103,TRAXULE128F9320132
104,TRGQSNS128F14A4746
105,TRFDWDD128E078E7DC
106,TRZOXRS12903CAAFE5
107,TRKXYTU12903CBB263
108,TREVPIG128F147729C
109,TRANSKF128F147FCB4
110,TRSSWCH128F930D7E7
111,TRYKXFS128F427277C
112,TRORVCT128F429D146
113,TRZEYNN128E0789B01
114,TRKLBPG128F933D784
115,TRVCDRL12903CB7B01
116,TRMMPGW128F426B583
117,TRCUDHV128F933082A
118,TRMNWJW128F428364D
119,TRRVSWF128F92FC747
120,TRKYLOT128F426EA0D
121,TROGWMB128E07928B9
122,TRVWYDK128F1459068
123,TRQXVGC128F427FFB4
124,TRIKUAE128F92D5D3A
125,TRMJEXL128E0793AF6
126,TREQQTW128F92DC5DE
127,TRJDLCW128F42663EF
128,TRIDSGX12903CB101C
129,TRYPBGM128E0792032
130,TRGYPTZ12903CF7CD4
131,TRFNVHG128F92D2F81
132,TRHZHZE128F4264EE3
133,TRIVDKJ12903CBC905
134,TRENHGG128F92C1F70
135,TRYNTAH128F932529F
136,TRTWDWO128F42624D8
137,TROCEIC128F9339D7A
138,TRACGTX128F427E1A3
139,TRXFFUP128F9311F1B
140,TRCKXIL128F4284EDF
141,TRFMPOR128E0783E32
142,TRDGGLM128F9316C79
143,TRCBGFV128F14963C0
144,TRDHEQD128F14885C2
145,TRBIWUQ12903CA4390
146,TRBHZKB128F931ADA0
147,TRIKIKI128F145E398
148,TRZJDIP128F934A820
149,TRPOJFZ12903CDA3C3
150,TRKZXMV128F1496462
151,TRWKPYD128F931106C
152,TRBVUSG128F931B096
153,TRQPKQQ128F428E6ED
154,TRNUTJR128F148B35D
155,TREPMTJ12903D0CAB7
156,TRPIDNY12903CF9F8A
157,TRZVJHD128F9312B0E
158,TRJJKJQ12903D061D3
159,TRTDNUA128F4289975
160,TRXQJDK128F92E7500
161,TRKXYTY12903CD94DD
162,TRJAHPB128F42BCA86
163,TRFLNNR128F92E96A1
164,TRONWPP128F42A001A
165,TRHRVVB128F425EE75
166,TRJZSEL128F427D7E9
167,TRQWCOJ128F4224725
168,TRVJHZT128E0781A54
169,TRSDRPY128F933E202
170,TRQRYZP128F931DC7D
171,TRKVVVK12903CB592C
172,TRCTJJN128F1461F0A
173,TRBSADT128F92D3C4E
174,TRMFVAF128F9311AF4
175,TRFVIYP128F42A0D77
176,TRQFLGN128E07912D0
177,TRKGDNN128F42876B6
178,TRTOUIZ128F92FE937
179,TRKWKPL128E0794297
180,TRJLSYQ128F42801A5
181,TRSDRZS128F145852E
182,TRQMXQI12903CAC203
183,TRMTZDR128F93169BF
184,TRRFFKB128F92D6D5F
185,TRKWPBK128F14584E1
186,TRWAPCT128F4271934
187,TRRFVLB12903CC34B7
188,TRIVCBX128F9343191
189,TRAEUIW12903D018F0
190,TRTWNVY12903D04F58
191,TRDRHRG128F428BBDB
192,TRBCABA128F9313B0A
193,TRKTNPR128F92F15ED
194,TRWEHFO12903CD73B3
195,TRNDHKA128F9311F11
196,TRAJKQH128F932103D
197,TRHOQZW128F4297564
198,TRKWJKI12903CE38EA
199,TRLYCGO128F145678D
200,TRNEYBA12903CA78C4
201,TRZPIVH128F4291723
202,TRIXMHB128F42599DE
203,TRBPVNI128F42BA5A8
204,TRZPTPG128F42612C5
205,TRUMKJR128F92CD1B1
206,TRONMTE128F1458B51
207,TRDHECY12903CED1A6
208,TRWSXDR128F4272055
209,TRVDFCY128F4261D33
210,TRJPFEM128EF34FDBF
211,TRLHECV128F42B0275
212,TRITVXV12903CEC798
213,TRACUCQ128F92FFBF7
214,TRJBEHF12903CE4A32
215,TRZUWOD128F145EC17
216,TRKUNIO128F92EAEE4
217,TRKMOKT12903CAF8D9
218,TRHVZFK128F42AC2FB
219,TRJOEDA128F4259FB8
220,TRHWBQT12903D05236
221,TRLQTMK128E07810A3
222,TRCPTXX128EF3515A5
223,TRESCSX128F9308D7D
224,TRXFMUG128F4294EEE
225,TRPCSPY128F92E3EDB
226,TRURHUH128F931C3D7
227,TRSKZHP128F92DC841
228,TRXSLHD128F149C2F4
229,TRQQHNA12903CBC90B
230,TRJFZMV128F1473805
231,TRBQORR128F92FCD4B
232,TRYVBMA128E0789D39
233,TRYCYQE128E0792EC9
234,TRQWAKK128F4241A5F
235,TRWYVBK128F1468257
236,TRWTOPW128EF3437CF
237,TRLAKRI128F1482078
238,TRSLPJH128F930E625
239,TRTOILH128F42AA724
240,TRGHLJS128F934A7B8
241,TRKTMTF128F92DF6D7
242,TRKTMXZ128F4292AF4
243,TRBIJUJ128F4224C54
244,TRKJRER128F931C066
245,TROUDVB128E0780D97
246,TRIHFJR128F930FDCE
247,TRJQQCF128F148CF1B
248,TRWEOGW128F427EECD
249,TRMIDHL128F1457198
250,TRVSZWP128F92D4D4F
251,TRTHXUW128F9328E20
252,TRPPFKI128E078FA12
253,TRIUUDD128F426736F
254,TRBNLJY128F930EE00
255,TRUADLS128F42620AD
256,TRWGVZI128F42850C6
257,TRPTFJK128F145D1C0
258,TRRDGZY12903CB4EFB
259,TRGMAKN128F4267E35
260,TREDALU128F148BE46
261,TRNWRHF128F427E172
262,TRJPMZI128F92F8671
263,TRBTVET128F42AD778
264,TRLBVFF128F932D8D3
265,TRTVBBP128F426AF12
266,TRKTXTJ128F93045D0
267,TRWNELK128F92F4A3D
268,TRZJFYZ128F92C48AC
269,TRZPJTN12903CA776E
270,TRGVZNC128F92DF630
271,TRRYSWI128F931BEE9
272,TRKWBVC128F9328ED1
273,TRLGRFN12903CE3F5B
274,TRHGFYI128F42496AD
275,TRSAQWH128EF35F732
276,TRYBDCA12903CBEEDA
277,TRIIDFB12903CF8C9E
278,TRSMQWF128F145E8B4
279,TRJYNNQ128F93094C8
280,TRXFGED128F92F9B19
281,TRPKMOX12903D0BB5E
282,TRSALAW12903CBEEAA
283,TREVYSN12903CCC092
284,TRCJIIJ128F426689B
285,TRHWAOK128F4269D0D
286,TRYOUCE12903CF8C97
287,TRYSJYU128F145B15E
288,TRKYOXM128E078EEC3
289,TRGNQUD128F4260C6A
290,TRTREUS128F92E834D
291,TRKVALT128F1466733
292,TRQOPRR12903CED6A3
293,TRWVKUG128F9303DBE
294,TRLSEKI128F92FF715
295,TRQPREW128F42746BC
296,TRKXYCM128F427C0E2
297,TROVCLY128F427F205
298,TRMBOWB128F428C789
299,TRPJPGF128F4267264
300,TRLJRPX128F92F7BBE
301,TRWLPXG128F1452C46
302,TRGXDIH128F427F0AB
303,TRSTSLR128EF342C1E
304,TRLXXVH128F42746BE
305,TRZYIOU12903CC5F93
306,TRPZWZX128F92C1FC7
307,TRGVGUW128F92F311F
308,TRGVLNJ128E0784CCD
309,TRDQUZT128F92FCAD1
310,TRISAIU128F930083B
311,TRGSILZ128F428A51F
312,TRTMCKN128E0793141
313,TRNGWDK12903CA165D
314,TRTNRCO128F93094D0
315,TRGLSAW12903CF9F49
316,TRWZWGH128F9308EFE
317,TRFWASP128F426BD5B
318,TRFJOFT128F931809D
319,TRHCPSP12903CC5149
320,TRZVSIO128F428E536
321,TRZHTJB12903CAF8F3
322,TRHTOGD128C719632C
323,TRQTDFB128F427EAD7
324,TRVLWKR12903D00DAB
325,TRDFWLL128F93003C4
326,TRQDQDM128E078FE59
327,TRTZKNU128F92D3FFE
328,TRYYKWY128F425D7CF
329,TRGRGQX128F9313DF4
330,TRICSQW128F42596AE
331,TRTVZCU128F93390BC
332,TRSCIJF128F146BA06
333,TRBCTEZ12903C9FE79
334,TRBCRKG128F92EF834
335,TRBCTCG128F92EB1B7
336,TRXQXKR128F92FDDB6
337,TROKYBP128F425BBF0
338,TRVQPEU128F1484CEE
339,TRYFHTO128F9319BA8
340,TRKVAJV12903CD4B0B
341,TRAXVIP128F931BEF2
342,TRKYEVK128F4294E55
343,TRVMKDR128E078A499
344,TRNWZUP12903CE692D
345,TRAZTBZ128F42BCD6C
346,TRWHWPA128F93369FB
347,TRRPFDP128F932FEA7
348,TRPFCIB128F14B026B
349,TRLALRJ128F92E6F64
350,TREUAHH12903D07389
351,TRMDDVA128F92E09CB
352,TRHZYPX128F92D2E06
353,TRONBHE128F92D6309
354,TRWNNBU128F42AC5E2
355,TRWRNNB128F429FE6B
356,TRIQHZR128EF341CF8
357,TRNRXEP128E0785EAD
358,TRULIIL128F4228AC8
359,TRPETJN12903CB60C2
360,TRKBUIW128F42ACF67
361,TRFOVKJ128F92C3021
362,TRIQCTL128F4292AE7
363,TRQOGBH12903CD4B3B
364,TRRFXMD128F933925E
365,TRGJOKD128F934A7AE
366,TRIJUVU12903CB745D
367,TRBIQPU128F429034F
368,TRFABCW128E07919DA
369,TRYPFRW128EF3570D1
370,TRZHSWY128F931113B
371,TRYHHEI128F423B479
372,TRXWCTK128F930EE72
373,TRPSIXB128F92D2B87
374,TRYYMYX12903CA7DFA
375,TRWGTNK128F42BA442
376,TRPBBKP128F42A03E2
377,TRULASX128F145BFD9
378,TRMXWJU12903CDD164
379,TREVVDW12903CB1140
380,TRBPETA128F92FDDA6
381,TRXEYHT128F92C3233
382,TRATONC128F4299381
383,TRWNNYW128E07911E4
384,TRUDEED128F4242DE8
385,TRXPBSK128F423DF2F
386,TRUVMYA12903CDE5CC
387,TRYIBOM128F14552A7
388,TRDYPIC128F92C1F6F
389,TREQINZ128F145E73A
390,TRDOEWB128E0792D93
391,TRUULMO128F42B027D
392,TRCIIIB128F148D11C
393,TRHUGKE128F1490DFF
394,TRXRONA128F9328008
395,TRSFULE128F92D2DE1
396,TRMAFHF128F422B8BF
397,TRQQNHP128F1459C31
398,TRYRRCU128F92F070E
399,TRDXVWB128F42AA169
400,TRXDENE128F425D59C
401,TRPLOCX12903D03BD2
402,TRWKHWZ128F14A473E
403,TRFRGTX12903CF7AB1
404,TRGMTBT128F93201C3
405,TRWWONE128F14A4971
406,TRSDGWV128F9334664
407,TRCJFDK128F931DA2F
408,TRFUEKC128F9300D4D
409,TRXBMQR128F145E0C4
410,TRGTIVZ12903CC308F
411,TRESTCE128F427BF7D
412,TRILWLU128F14A473B
413,TRRSUWZ128F426359C
414,TRHWRGP128F428C5AC
415,TRXCVIT128F92C22FF
416,TRDWJAL128F92D7DD4
417,TRSJFJV128F933FFF6
418,TRETMMA128F42B640F
419,TRFDCPI128F93234B7
420,TRPALRD128F427F326
421,TRMBJGK128F932B035
422,TRFJCPO128F4263517
423,TRBHYOF128F42625DA
424,TRPEVEC128F4214949
425,TRFYPSX128F42AE4FE
426,TREFRVX128F92D1B1C
427,TRCMURW128F92F32ED
428,TREVKYL128F1463DD3
429,TRHLUCU128F145834C
430,TRBDWDQ128F1455787
431,TRBAYFP128F1454204
432,TRHZERX128E0783F5D
433,TRVFUHA128F92FFB7B
434,TRMKFSG128F42AE29E
435,TROFHTZ128F1485DFD
436,TRJWMUH128F1462668
437,TRGRQST12903D0509E
438,TRXUWPX128F425FBEE
439,TRODLDU128F9352E30
440,TRKZMUS128F42A0E14
441,TRKBXRM128F42837AA
442,TRTPCAQ128F425D53B
443,TRAEINL12903CBAC41
444,TRZTHPU128F42980A1
445,TRKIOIP128F933EE75
446,TRMBJLR128F92F0947
447,TRZQASH128F4259F6B
448,TRVRVIW128F148778D
449,TRKORFP128F934AA47
450,TRBDWLJ128F429182F
451,TRZJHCF128F1477ABC
452,TROBUUZ128F4263002
453,TRKRTLN128F1459C8B
454,TRQUHWH128F145BA52
455,TRBLPQA128F425AEED
456,TRMYGMP128F4242DF3
457,TRENNVA128F930EE44
458,TRSITGJ12903CF7D50
459,TRHMIRB128F426A482
460,TRFRAXB128F426A21B
461,TRFTULX128F92FDB94
462,TRGGNQV128F428CBE1
463,TRBIFUV12903D07374
464,TRVQEUD128F92DD0D2
465,TROPREP128F92FCE03
466,TRRSCIC128F92CC95B
467,TRTPUGE128F426457A
468,TRZNJRO128F934A7FD
469,TRVAHQZ12903CE26DD
470,TRITYXQ128E078EE2C
471,TRMKLXB128F4266662
472,TRUAIQY128F9319001
473,TRQKSYK12903CB27BA
474,TRQBLYT128F931B322
475,TRIHMNV128EF35EF90
476,TRHYECH128F145E5AF
477,TRPXUPJ12903CDEB5A
478,TRDJPVU128F145AECD
479,TRVMVHI128F42732B2
480,TRLPLHL128F4292587
481,TRBDCXQ12903CE6DAC
482,TRTRLLX12903C9C7B5
483,TRVKJNB128F426524F
484,TRPVGQI128F426AD1F
485,TRMOJEC12903CD29C5
486,TRFNJUV128F92F0BF0
487,TRQELLR128F424EACF
488,TROWBAC12903D057B3
489,TRIRYYG128F9302A05
490,TRJYUAF128F92C2173
491,TRYEOWZ128F92CBBC9
492,TRAYDNG128F4272151
493,TRKZOLF128F4290580
494,TRQIDBV128F92D3F09
495,TRXEFTK128F935EA4E
496,TRSXXAH128F4233402
497,TRXVFHV12903CF482D
498,TRBPWVZ128F4214A7E
499,TRPWZNT128F1468B5A
500,TRFEZBK12903CBC915
501,TRQPHYF128F1484C9F
502,TREZMUZ128E0790BE3
503,TRJOJKY128F4235AF3
504,TRACECP128F92CD1A1
505,TRTYKGK128F931A17C
506,TRSUXVX128F422B966
507,TRKYCGD128F428A353
508,TRTFHBC128F42AC322
509,TRAFZTI128F42300CD
510,TRKDRSC12903CE2645
511,TRCOSEX128EF356E7A
512,TRWSOCA128F92D2D93
513,TRNGQRU128F4235DA1
514,TRQMFUI128F4284AF6
515,TRFSIKI128F429D193
516,TRWSMSC128EF343A1E
517,TRUWCLJ128F92E17C9
518,TRGFVQF128F42392D2
519,TRIGITA12903CE04A0
520,TRNYECW128F14689DB
521,TRQSMND128F146EC2E
522,TRJSSSQ12903D11AF4
523,TRSRPMS128F92C478E
524,TRZDVAJ128F92EAAC0
525,TROFYQG128F425D64E
526,TRANIVG128F1484DED
527,TRPAUBR128F92F653F
528,TRJXOQN128F148D28B
529,TRRPYYW12903CB4DC9
530,TRRQUHL128F4259E45
531,TRVQEFU128F42B19AC
532,TRUGVUA128F146D7EB
533,TRFHSUI128F92ED70E
534,TRZHYJX128F92EB952
535,TRAOGHG12903CA3B89
536,TRFNMGG12903CDA55E
537,TRDOCXX128F42AD67D
538,TRMAQVT128F9336708
539,TRUAUPB128F92E80F4
540,TRZCUYH128F149F092
541,TRRSVLW128F9307404
542,TRLJZSK128E0784449
543,TRRDAOP128F4214D97
544,TRCSXLY128F92EB4F4
545,TRZIZID128F4260359
546,TRUUSUF128E0792ED7
547,TRPSFLW128F4224707
548,TRPYZTR128F425F0B0
549,TRVUFUU128F426193E
550,TROVMGM12903D05F97
551,TRIIMYB128F9316E80
552,TRQXSOE128F428AC8F
553,TROYNSF128F4264511
554,TRAZFCF128F92F4F56
555,TRADODV128F4283EB6
556,TRFSAUN128F4291E01
557,TRYXMEB128F426EE7B
558,TRXVFPG128F1492395
559,TRILOWN128F426080F
560,TRYYKSQ128F145B04F
561,TRCBYSI128F425BD70
562,TRMKXZY128F422B8F1
563,TRQWIFJ128F92EE905
564,TRGZUWN128F4271836
565,TRPPOYF128F93421C3
566,TROCFEM128F42AC3DD
567,TRGXJZN128F931C08E
568,TRNPXQK128F42B77CF
569,TRRAIZZ128F426E941
570,TRVHASS12903CC95C1
571,TRPESCM128F9336AE5
572,TRIMRAP12903CBCA47
573,TRJIJKL128F42BC59F
574,TRUGXGF128F42BAA7B
575,TRCWBIU128F933AA56
576,TREKECI128E0793D6F
577,TRGUINT128F146843B
578,TRBUZXD128F93209A7
579,TRWJKVP128F92DCA7E
580,TRQABRI128F14AD376
581,TREJMFX12903CD29CC
582,TROUAKN128F1486A5E
583,TRQNFHU128F4267D43
584,TRSKVLQ128F92EC16D
585,TRIVJNY128F933D7D9
586,TRKKTQL12903CC3E3A
587,TRGFZLH128F92E4EE3
588,TRAYZSS128F92DE23B
589,TRSGIBY128F426841B
590,TRLFRQP128F426907B
591,TRCMDHB128F934A825
592,TRQFUYW128F930EE74
593,TRPSKNO12903CEA12B
594,TRIEQDC128E0786032
595,TRFEHCX128E07848E4
596,TRBWNTC128F9309A59
597,TRAVIBR128E078A453
598,TRWPZKS128F4283E2F
599,TRNUONP128F14B0276
600,TRSFZUW128F42506D2
601,TRCYWPR128F93354C1
602,TRAJGCP128F92DF6C9
603,TRJBSGU128F4263EBA
604,TRAJFQS12903CB4DAC
605,TRKXTDV128F92C9528
606,TRNITWR12903CB3A07
607,TRMYCJG128F1456698
608,TRDOHDN12903CF0113
609,TRVMENV128E0789CF9
610,TRCEHDF128F429EE83
611,TRBYAJV128F426D5DA
612,TREKFZB128F428999A
613,TRFNRVA12903CC07CC
614,TRAYVMU128F92EC210
615,TRHJCZM128F931AFD4
616,TRFIUHQ128F932F3E1
617,TRZGJFC128F93056BA
618,TRAWCBC128F92ECDE9
619,TRDQAPV128F4264AD1
620,TRAYKOC128F930D2B8
621,TROAVJN128F9302926
622,TRHMAMT128F426457D
623,TREXDSG128F931D668
624,TRKUCHP128F426539E
625,TRHZKAD128F4263A6D
626,TRXCNOM128F428E549
627,TRMPGIW128F9330A28
628,TRHKSGJ128EF355939
629,TROGNJY12903D00EEC
630,TRBNCNL128F145FC80
631,TRJCRDM128EF34362C
632,TRJBSYG128F4291E11
633,TRNSIZL128F4298571
634,TRZNONX12903CEA3DC
635,TRPFGNY12903CB57BB
636,TRCWOED12903CAA21A
637,TRFKYCQ128F93176B0
638,TRTAILF128F1468785
639,TRWGSGC128F42B6414
640,TRQUQHQ128F425D8A3
641,TRPZTUI12903CCD141
642,TRDUAMT128F426E2BC
643,TRSWJUC128F4291D95
644,TRKUOAS128F1478DC9
645,TRNLQMC128F9313F49
646,TRACZRN128F146E26E
647,TRKZBUQ128F424D791
648,TRGNOBU128F92E4C4B
649,TRRCPXP128E0791F01
650,TRWXKDD128F9311508
651,TRKXXEI128F4277C40
652,TRFCPPE128F1459931
653,TRTCVMJ128F42AFD31
654,TRQIQMT128E0791D9C
655,TRZPNDX128F14568CA
656,TRWTLZT128F4275721
657,TRSKIIM12903CBA7DA
658,TRHQBNG128F9300881
659,TRCDVNJ128F92FC6A4
660,TRQKJFS128F425F6A7
661,TRYBJME128F425DA4D
662,TRFITJI12903CD85D6
663,TRMDDVA128F92E965B
664,TRIXCXT128EF351646
665,TRKPBPV128E0790139
666,TRNLYMK128F149DA0C
667,TRJOEIP128F429B2C1
668,TRQJVND128F1480963
669,TRKZZZF128F1491695
670,TRUHDER128F4292A97
671,TRMPHKF128F934A7BC
672,TRRQKYF128E07942A6
673,TRWRBEV128F4263AAD
674,TRSOIGG128F423541F
675,TRPJUXK128F9322C71
676,TRKAHUN128F423BDFE
677,TRNGTWN128F42740BA
678,TRKUOQD12903CE5A2B
679,TRXVLVO12903CAC4D1
680,TRWBOGO12903CAA79E
681,TRPSWBT128F42BC2BB
682,TRCWFXR128F92E968C
683,TRAFSAP128E0780ECF
684,TRWYPDV128F92EDF52
685,TRMVYXF128F14B0CDF
686,TRYMKRS128F42B5091
687,TRCWOZX12903CC84D1
688,TRNCSKU128F4265639
689,TRVMQNG128F1474B2F
690,TRPUDQL12903CBA48C
691,TRNRNIY128F9322712
692,TRWGAPN128F145AEEC
693,TRGDMYC128F149235E
694,TRYQGQJ128EF349976
695,TRPSMQN12903CB70F7
696,TRRXQSG128F427EA3A
697,TROYCHH12903CBB886
698,TRIFPBT12903C945C2
699,TRABEIU128F4266CC2
700,TRNTWHV128F145AC70
701,TRTLZZL128EF342C64
702,TRBXOCF128EF3656BA
703,TRHMJGO128F9327FB7
704,TRMYFKF128F4261288
705,TRSYGGM128F93088DF
706,TRVOWFP128F145B036
707,TRMQYCF128F9302B23
708,TRWSKSX128F93073AE
709,TRPLWRS128F424A85A
710,TRHGEFJ128F92D1AE0
711,TRUEFIM12903CD85B8
712,TRFUJLP128F92FC5DE
713,TRYPCVY128F9330D9E
714,TRSAFEL128F4263031
715,TRVYWUK128F1487792
716,TRKRWOF128E078A732
717,TRYJZDG128F145FB01
718,TRPBAOQ12903D03F85
719,TRLIWRU128F92CAC74
720,TRIBCXK128F92F5682
721,TREAMGW12903CF9507
722,TRTKIEU128F92F0707
723,TREKEPL128F930AE4C
724,TROGJTB128F92DF6EE
725,TRBDWLE128F42B3112
726,TRKLTEO12903CA15A9
727,TRLRGVX128E078EC1B
728,TRCXXLL12903D018B8
729,TRESOYZ128F931BED9
730,TRDENSD128F4277F94
731,TRNTEHS128F92F1CB6
732,TRRLWHC128F422C735
733,TRGUXRX128F92F5F46
734,TRBMBCU128F4262031
735,TRJFFLK128F4270B04
736,TREQLHP12903CCAB6E
737,TRPLEWX128F92F9EE8
738,TRDHZJO128F427E051
739,TRCIMMD128F428852B
740,TRWIWHO12903CA7751
741,TRPIWBH128F92FD93B
742,TRUKHTE128F428CD8B
743,TRWYZHI128F932A8E7
744,TROCOOI128F425977C
745,TRVJXSU128F1461D5B
746,TRAOWZT128F42BC395
747,TRJGLNB12903CDD161
748,TRBOJUF128F42AD416
749,TRYTONQ128F42B77D1
750,TRPZEOL128F425E722
751,TRZIOZV128F92FD03B
752,TRWNAAN12903CBAD02
753,TRWRLVL128F934A7BD
754,TRGMNOW128F9314F50
755,TRYYQEG128F92E4419
756,TRWQKYO128F427ED6B
757,TRFRHLM128F92D4D23
758,TRWFMGH128F4247F6B
759,TRDDZMP128EF35F98E
760,TRELBYN128F1492390
761,TRXHZGW128F426F123
762,TRJZDRI12903CAFB68
763,TRYCERF128F149170B
764,TRERELY12903CC4BAE
765,TRRPYBS12903CB5056
766,TRRJKMR128F426FE34
767,TRASBJU128F9324EFA
768,TRXCKDB128F9345F61
769,TRZDKOQ128E079192B
770,TRKZKWA128F92F59AE
771,TRKTKYF128F9330A33
772,TRLTUIO128F1493A54
773,TRZDMEJ128F9325B09
774,TRLBXQC128F1461E67
775,TRDQROV12903CBC912
776,TRVGLZB128F422F9C3
777,TRCUJEV128F1459AC0
778,TRZYOMU128F145FEAC
779,TREDHHW128F92ED4B6
780,TRHZRQU128F425A6CA
781,TRKXKQK128F93146B0
782,TRCLIQV128F428B926
783,TRBHLFJ12903D059BF
784,TRBOABQ12903D0563D
785,TRROKMP128F4280704
786,TRGPBZC128F933D454
787,TRAATOA128F92D2B81
788,TRADRHX12903CCD1DF
789,TRQQZYU128F92F14D8
790,TRWESOU12903CE612D
791,TRWSCXR128F92F039E
792,TRZSCNY128F9363417
793,TRMPIOZ128F931D519
794,TRBVTXP12903CED44A
795,TRPNCGT12903CFBBF7
796,TRVHBVU128F42887C6
797,TRSMXAB128E078F394
798,TRHNVYP128F4262C22
799,TRRDXVG128F92F9269
800,TRXTTLV128F93318A3
801,TRAXUNJ128F932399B
802,TRBMYRP128F14A4743
803,TREXUWY128F4299A4A
804,TRWMGRX128F148DEFA
805,TRKTHXU12903CD4CC5
806,TRRECTF128F931C3FB
807,TRHBOAX128F92F1210
808,TRMIYGQ128F933D832
809,TRQPVSP128F92E6DCC
810,TRBVKYP128F92C2ED0
811,TRXKCNR128F4264B6E
812,TRGLLBC12903CE7C0D
813,TRHCMCR128F42800A4
814,TRKVTMH128F92E908B
815,TRGVYAW128F1458093
816,TRJJIZH128F92F6250
817,TRQGVVY128F9304240
818,TRIPCVY128F4274C9F
819,TRHIJHR128F92EA6E3
820,TRDXOFY128F92CFF4D
821,TRZHVUC128F425F184
822,TRMEDWM128F428BE8F
823,TRZXLPL128F9308AE2
824,TRIOSSD12903CAA8D4
825,TRSUGEH128F930BBFE
826,TRUARPI128F9359381
827,TRDYLVO12903CBA760
828,TRVLIPF128F9336661
829,TRSPUVL128F42BC51F
830,TRKZKUG128F93456BF
831,TRYFSJE128EF3622F9
832,TRFGFAO128F1459673
833,TRPKQGP128F934DED1
834,TRPGAQL128F933474B
835,TREUVBN128F1468AC9
836,TRAAGJV128F1464090
837,TRLEBHG128EF349943
838,TRHZJIT128F931EC76
839,TRUPMUY128F148C649
840,TRDVMUE128F428AAE9
841,TRVCLKN128F42660FE
842,TRKAFKJ128F4266710
843,TRFHTBI128F42709E2
844,TRGQEBA128E078F917
845,TRAATZB12903CC59D8
846,TRZTWBJ128F428845A
847,TRJRJKS128F4272C7D
848,TRRQPYA128F934AC17
849,TRTBJAL128F42264D3
850,TRRKTGH128F427D6D4
851,TRCZISH128F92D13A3
852,TRBLVJS128F9336406
853,TRZFHUI128F933AF8E
854,TRQDUMZ128F4284C8A
855,TRZTHER128F92F150D
856,TRTMGRB128F4292574
857,TRCUKAI128F1484D85
858,TRXUQNL128F4285718
859,TRNCUUT128F1455EC8
860,TRFVQLL128F92EB2EA
861,TRHQVFM128F92D2780
862,TRGMPFQ128F92E5902
863,TRAHFPA128F14A473A
864,TRGSYBA128F1477A14
865,TRITPZL128F9308F13
866,TRYSCAV128F92F871B
867,TRLZTKH128F42BC18A
868,TRTCBYJ128F425EE15
869,TRZDYAM128F92F1589
870,TRKXUKG128F92C25D3
871,TRJVYVB128F42683AE
872,TRJLCZV128F92F568A
873,TREQRIV128F1468B08
874,TRWFJBL128F931B318
875,TRYZORO128F425D7B6
876,TRUHUCW128F92FE980
877,TRZGKTS128F9321EDE
878,TRMKGXJ128F423A067
879,TRWGXUB128F14602E4
880,TREDXVE128F14649A6
881,TROYAEQ12903CE73C3
882,TRZIJEE12903CDFC2A
883,TRGYAEZ128F14A473F
884,TRUXGHF128E0791D12
885,TRVWOVF128F14A43C6
886,TRTGUHN128F148B0B6
887,TRFLEOC12903C9DD8B
888,TRKZZDE128F1484C93
889,TRKNMFW12903CE2621
890,TRBPFVX12903CE654C
891,TRWLMUM128F427BEFD
892,TRMSHQN128E0792879
893,TRBZZUT128F92DD82D
894,TRNLTBQ128F428B8EE
895,TRNRDXB12903CD8CB2
896,TRJRFUJ128F934DF1D
897,TRDVDRC128E07832A7
898,TRTWXVO128F42A0ED4
899,TRWLJVV128F4272540
900,TRKHJNS128F145482C
901,TRYEYCQ128F145C983
902,TRFCOTF128F93098C0
903,TRGCTTU128F92F1607
904,TRNCGLX12903CCF207
905,TRJYVZH128F145BF8D
906,TRAJGAB12903CCBA42
907,TRNMWNV128F4294E5B
908,TRPFABL128EF34DBE3
909,TROLFYC128F428AC55
910,TRIZVBX128E079247A
911,TRBLVMN128F4272C96
912,TRTNHJH128F92F13CB
913,TRPRMNT128E07860A8
914,TRMGAHV128F14580A5
915,TRKYDXS12903CAF83B
916,TRDVPVK128E078E714
917,TRGQQKQ128F9324B39
918,TRHZMSY12903CEA509
919,TRRSQZX12903CCAB16
920,TRLIBSN128F92FDC01
921,TRKYUDS128F931BF1D
922,TRTUDNM128F429FE63
923,TRENUOV128E0791C1D
924,TRBHEVR128F4263CE0
925,TRTQUEK128F14A4748
926,TRPOMZK128F42BB712
927,TRRMIYS128F427E9ED
928,TRYRTCB128F429979B
929,TRONZUF128E0792D78
930,TRWTJAK128F934A93A
931,TRHXSXU128F42770C5
932,TRKZBYL128F427A564
933,TRKWODG128F934F394
934,TRBSKFR128F428A20B
935,TRSWCFC128F92F1396
936,TRDJJBQ12903C9FFB1
937,TRTFCFG128F42152C1
938,TRVNEDD128F4269A65
939,TRMMQDL128F424272B
940,TRNGYLZ128F932F28A
941,TRMSMUM12903CF4ADF
942,TRNSSDL128F9322177
943,TRMLBEG128F42BA124
944,TRCAXET128F42A4CB1
945,TRTITKW128F934A834
946,TRAAMRE128F4298E7D
947,TRIWYMW128F145E0F9
948,TRTXBNE128F92D5070
949,TRAZXQP128F427F239
950,TRUIBFX128EF34064E
951,TRNRUVQ128F147CD09
952,TRPZREM128F4282805
953,TRNUKCN128F146DBE8
954,TRNHTMQ128F42B265E
955,TRBYLTC128F92E2358
956,TRGUPQH128F1498A00
957,TRGSRZI128F92F4C62
958,TRIJYHU128F92F32B1
959,TROLPUB128F42BB925
960,TRMXCHV128F92F965C
961,TRQETAR128F931E3D9
962,TRXRJZZ128F42BC247
963,TRCBKAB128F931EA26
964,TRSOAFU128C71962DF
965,TRZDWEP128F93430B5
966,TRKVITQ128F4271B31
967,TRRZWFD128F9359600
968,TRQSFVW128F93517D6
969,TRXSKTT128F145BCD7
970,TRTZRPV12903CC2F53
971,TRKTVCU128F932D3DF
972,TRYSWCO128F92C1C79
973,TROVEVL128F932A447
974,TRJVDZZ128E078FA46
975,TRPZUFD128F4273C81
976,TRELBPV128EF34396F
977,TRXFMCX128F92F6B03
978,TRKVCCP128F14A3A82
979,TRUHFWB128F93382F2
980,TRUNFYY128EF365643
981,TRZYXOK128F92D17D6
982,TRTXXBQ128F930FDDB
983,TRLEAKN128F92D2B83
984,TRJKBXA128F92C986D
985,TRQMISR128F4249DB1
986,TRLLYHL128E07843DB
987,TRQZMLE128F426306A
988,TRDVDFL128F149EAD3
989,TRCAJDD128F4224701
990,TRETJEQ128F42ACF79
991,TRYQVKS128F4259A11
992,TRRPSPJ128F93203C3
993,TRFJIOQ128E07899D5
994,TRSWTQQ128F92E6DDC
995,TREFEUS128E078F7D5
996,TRVZRIN128F42706B1
997,TREHPKK128F1469639
998,TRLDIVE128E07923D8
999,TRYYDSF128E07990B5
1000,TRISTMB12903CAB782
1001,TRQPUTX128F4262438
1002,TRGSJTK128F424C06E
1003,TRJOTNV128F932A392
1004,TRTRSOZ128F4270680
1005,TRAJLDO128C7196305
1006,TRNDKQJ128F426093C
1007,TRXIRLL12903CF9F86
1008,TRNWTSR12903CD3E88
1009,TRRQDCE128E078A490
1010,TRXYXEH12903CBFE1E
1011,TRCVWZQ128F4288364
1012,TRKZHQH12903D01F89
1013,TRSFFKY12903CAAD33
1014,TRKUIWI12903CD5007
1015,TRIOFFX128F428AD70
1016,TRXCJSX128F92F2B74
1017,TRKTUBJ128F429D9B0
1018,TRKQESG128F425AEF1
1019,TRHUNSP128E078E9A5
1020,TROZDRF128F92FE6FE
1021,TRRQKVG12903CB08BD
1022,TRXHQBL128F1498A2E
1023,TRCAGSM128F42888F3
1024,TRMJIBB128F931F03D
1025,TRCWNXG128F4264EC7
1026,TROAFDZ128F148D024
1027,TRNNUMY12903CBA308
1028,TRKXTQE128F92FBB14
1029,TRQPRPU128E078E800
1030,TRZGHPK128F9316A8B
1031,TRXVXXQ128F93494A9
1032,TRNNOXU128F931C001
1033,TRNSXKT12903CBCB6C
1034,TRIKGRK128E0780DB0
1035,TRNRFTT12903CC051D
1036,TRZQIFS128F14669CD
1037,TRBJSNT128F9333226
1038,TRXLELS128F42A9915
1039,TRTGXBI128F931B07E
1040,TRRJLZB128F4294061
1041,TREMNZO128F9336400
1042,TREZJKU128F148DFB7
1043,TRCOOYB128E078ED95
1044,TRWZJQX128F92F3FEE
1045,TRDLAAJ128F1467473
1046,TROWFVP128F92FACF7
1047,TRKVBQR12903CBFA40
1048,TRIDNYO128F931F2C5
1049,TRGTDRX128F9316BF7
1050,TRLOFUO128F1455FF7
1051,TRKXFWL128E07811BF
1052,TRCLWUA128F933D438
1053,TRCXYZE12903CAA755
1054,TRIMHOP12903CF766C
1055,TRYZXPW128F934B627
1056,TRIERBF12903CCDB01
1057,TRXRKYI128E0790C82
1058,TRDMKLL128F931C0A5
1059,TRMPWMP128F931D757
1060,TRQJZGP128F931E704
1061,TRAMPDH128F426C002
1062,TRWRXSJ128F9314B40
1063,TRKNRWI12903CBCD5F
1064,TRYAZFN128F4295410
1065,TRAMTZM12903D01F9E
1066,TRCUWXB128F92D5C12
1067,TRGVWUA128F145B136
1068,TRAHPVG128F42BB310
1069,TRFRPMT128F428231F
1070,TRMOGWJ128F9322992
1071,TREQGLV128F426E799
1072,TREQRRE128F92E96BE
1073,TRQVWMD12903CAEF6A
1074,TRLLQUC128F932A35B
1075,TRXFOBX128F429336B
1076,TROWOHA128F9306239
1077,TROIART128F934ABA1
1078,TRQDXOF128E079273B
1079,TRFLKQA128F92D86D5
1080,TRPRFZG128F429A1B2
1081,TRKGCFY128F92C2C11
1082,TRJCYLI12903CCC65C
1083,TRDIAFN128F42B31B9
1084,TRTXWHX128F934A811
1085,TRGSXCN128F9320D4B
1086,TRJFKMB128F428BEB1
1087,TRBSIHA128F145A7E7
1088,TRXIFRN128F42ACF25
1089,TRAMYBO128C7196673
1090,TRSUHLF128F1461015
1091,TREBOSQ128F427BD53
1092,TRNKSAL128F93146AF
1093,TREJLVO128F1458670
1094,TRFOMYM128F930D135
1095,TRBOJJR12903CF9F48
1096,TRZNSIY128F4273571
1097,TRBEKMX128F92D7B75
1098,TRYIUDT128F933ADB9
1099,TRCZFWZ128F931BF0C
1100,TRIDZLP12903D08961
1101,TRHWPFW128F92FE55E
1102,TRCBJZD128F9302B2A
1103,TRTSTMA128F14AEC4E
1104,TRFJDZC128F14B0274
1105,TRJEPRA128F145A3C0
1106,TRKYPTP128F42BB40A
1107,TRPKKQK128F92F36AE
1108,TRKAXBJ128F14B161D
1109,TRKPICM12903CC84E6
1110,TRTEVDJ128F932F000
1111,TRHATAE128F92E583E
1112,TROUCHD128EF3563B9
1113,TRMLVHF128F426EAE1
1114,TRFVPXE128F92E2700
1115,TRTNSPW128F425A00C
1116,TRWIEYQ128F1464DBE
1117,TROORXW128E0786A1E
1118,TRENIUZ12903D080A0
1119,TRNUEOI12903CAAD31
1120,TRNMYVH128F9303943
1121,TRLSCYY12903CA9B44
1122,TRKRRXB12903CC2BB6
1123,TRHNCIR128F42334A5
1124,TRCPBTU128F426452C
1125,TRWEPQN128F428A1FE
1126,TRBBWUG128F9325CAF
1127,TRZQFWG128F1460237
1128,TROCFKQ128F146B08D
1129,TRKVEXZ128E078D72B
1130,TRCSMTD128F9307C0E
1131,TRXPCDW128F426C1D9
1132,TRYCQHG128F429171B
1133,TRNGKZN128F92CBEB7
1134,TRXZSUN128F428923F
1135,TRPURYB12903CBB870
1136,TRVNLDP128F4265683
1137,TRBUIDS128F92E9F40
1138,TRCMQSU128F931F111
1139,TRCKSUW128F4284EBB
1140,TRDAMCA128F4259FBA
1141,TREABBZ128F9304894
1142,TRBAMDY128F92EA685
1143,TRNHKTU128F4289A0F
1144,TRSKRBY128F42AEEF5
1145,TRJUZBJ128F92F1332
1146,TREJGKI12903CAC204
1147,TRIAUOA128F42737BA
1148,TRHLCIL12903CF1733
1149,TRHKIHR128F146624C
1150,TRQXSAH128F4276221
1151,TRQOSAB128F92F4522
1152,TRKXSRT128F4234773
1153,TRLLUKA12903CA6A62
1154,TRYKTFR128F4289104
1155,TRTASNW128F1484C73
1156,TRVQIPM12903D0CB24
1157,TRCVVDA128E07848BE
1158,TRZLKDF128F42905CA
1159,TREMQYE128F428A218
1160,TRHXPTZ12903CC84C7
1161,TRSANGT128F92D1261
1162,TRIDUBL128F428E03F
1163,TRRNYFM12903CBEEAB
1164,TRWMZQL128F9306DCB
1165,TRKUWDR128F4285C1B
1166,TRBKNCT128F9325BCC
1167,TRVDIBJ128F4281536
1168,TRICBFV128F931C0BB
1169,TRANHYE128F92DE232
1170,TRJGFJB128F4265954
1171,TRSZVTE12903CD7BBF
1172,TRNNQEQ12903CC0545
1173,TRRLXGR128F4267649
1174,TRVJCHP128F92F12E2
1175,TRRTFTG128F1457EA8
1176,TRDIACF12903CBCC49
1177,TRESINB128F932091A
1178,TRZVPZQ128E078F0E3
1179,TRQKAEA128F4260DFF
1180,TRDNYHJ128F42745BF
1181,TRIRAND128F931BEF6
1182,TRRPDLM12903CB7345
1183,TRMRWJW128F93236F7
1184,TRACLRS12903CE9386
1185,TRINVUW128F92C2EF7
1186,TRMDFPA12903CE049B
1187,TRBCBEU128F92C2F02
1188,TRZSJPY128F9320981
1189,TREQBKB128F4292B24
1190,TRFMILS128F421CC23
1191,TRYRBJB12903CA6AC8
1192,TREJROQ128F930DF3E
1193,TRHMBSZ128F92D2B67
1194,TRCKSVH128F9359228
1195,TRQHNHM12903D03A97
1196,TRADTYX128F9310F00
1197,TRLJLQG128F9320A6F
1198,TRKZPQA128E0786347
1199,TRAGCPZ128F426E7F9
1200,TRNZANG128F935A254
1201,TRXKTFK128F93383D6
1202,TRZLYUS128F148D196
1203,TRCRJHI128F92D2F3C
1204,TREEZOR128F146A21E
1205,TRRBLYC128F42A8E04
1206,TRVCEWE128F42B6411
1207,TRBBSGI128F9309855
1208,TRHWANA128F93173FC
1209,TRYVJZF128F42AC791
1210,TRKUZRI12903CFEA36
1211,TRGYGUO128F92D0284
1212,TRBDBKV12903CE396B
1213,TRERVEE128F422D83A
1214,TRDYULZ128F932BB19
1215,TRWSYDF12903CF5C68
1216,TRZADSX128F932E05B
1217,TRYVSCV12903CF9591
1218,TRRYYQC128F92E9223
1219,TRNCJVN128F933094F
1220,TRWGEIM128EF342BB4
1221,TRMIGVI128F42AC3C0
1222,TRJVDQK128F4273C92
1223,TRJGTAT128F9312901
1224,TRJVUJV128F4266767
1225,TRWJRVY128F92D2C74
1226,TRUHXKY128E0792030
1227,TRXPWKF128F931B2B1
1228,TRFEPCV128F423B98D
1229,TRFSMYW128F42AC2F6
1230,TRIIGSO12903CDFB67
1231,TRGCLRC12903CA9B4D
1232,TREDFPI128F9311F21
1233,TRUSVHR128F428BE53
1234,TRVIHNP128F92DF811
1235,TRRNVZM12903CEDB28
1236,TRAKIME128F92F148D
1237,TRCLVRT12903CC2FF7
1238,TRISSGF128F428A8E6
1239,TRTZGMF128F930C019
1240,TRPZSNR128E07899D6
1241,TRNMQWL128F42BCE84
1242,TROJBDY128F92F1533
1243,TRDJIPJ128F9321317
1244,TRKYQSV128F92F12B9
1245,TRHIZII128F1484D13
1246,TRCGFDQ128F92DE54C
1247,TRASCFR128F427E9B1
1248,TRDLWAP128F428F6B9
1249,TRBFWNM128F42637F2
1250,TRQBRMK128F425D64B
1251,TRQDUVJ128F4294017
1252,TRIEXMF128F92FDD60
1253,TRBKWOC128F9316949
1254,TRCEEES128F92CFF51
1255,TRKEVLD128E07849F0
1256,TRKYQPU128F92C98DD
1257,TRGVXFG12903CA4804
1258,TRTWXPO128F4284E06
1259,TRCEIOT128EF343596
1260,TRIPPIC12903CA3689
1261,TRJBKLY128E0782B30
1262,TRCOAVU128F931BEB5
1263,TRSIXNO128F92C3062
1264,TRTLXJO128F4259DEC
1265,TRKZEPB12903CA6263
1266,TRIZMAZ128F931C08A
1267,TROBJKJ128F92D8745
1268,TRIYSBD128F9349874
1269,TRSKIQP128F92F141F
1270,TRHTTGF128F428B242
1271,TRGLHGI128F92F0CDE
1272,TRPSMCB12903D13D89
1273,TRPJNBH128F42857CB
1274,TRNIIAQ128F426376F
1275,TRSULYL128F4266733
1276,TRJVPPE128F92F099D
1277,TRUJDNX12903D0CAD4
1278,TRJNUEI128F428AC50
1279,TRLOLLN128F931650E
1280,TRGRTZC128F426345A
1281,TRVMEMH128F427D8A4
1282,TRMXCNC128F14570E3
1283,TRGTMHI128F932B6B6
1284,TRFIYYL12903CE9512
1285,TRJYSGN128F92F175E
1286,TRBYIMY128F149DA0E
1287,TRKZUVW128F145AF48
1288,TRKVZEO128F148BEAE
1289,TRMNBFX128F931B07D
1290,TRWGLSH128F427FD41
1291,TRPJRHS12903CFB77F
1292,TRUENMN128F1478668
1293,TRKYWFD12903CABDD6
1294,TRWMEML128F426FE9E
1295,TRHFTUX128F93010D0
1296,TRKUHAA128F92C93FE
1297,TRMBIJT128F427997E
1298,TRODHAN128F92FE93B
1299,TRKZUHX128F930DCA1
1300,TRXBCFB128F933926C
1301,TRZRTQB128F428D07D
1302,TRHSIXW128F14A4730
1303,TRQBJYG12903CD2B03
1304,TRDLQGL128F1458AA5
1305,TRTZJAG128F14956FD
1306,TRQSNUF128F9319F34
1307,TRGXKMK128F931645B
1308,TRLJPBE128F932FB99
1309,TRBTKVC128F931B968
1310,TRTISZC128F428AED0
1311,TRNQWAD128F92CC984
1312,TRSPOVV12903CB499A
1313,TRIZRZS128E078E1F8
1314,TRRYDAD12903CC1774
1315,TRATESL128F92F12DF
1316,TRYSOHF12903CC374C
1317,TRIRIJA128F933F196
1318,TRBQJRX128F92DEB8B
1319,TRBTKTF128F92DC3CF
1320,TRKTNOR128F14637E5
1321,TRFDQNJ128F92EC421
1322,TRVYIUN128E0784309
1323,TRZRUQN128F92E7AC7
1324,TRQZLGK12903CF6723
1325,TRSMACR128F932CBB0
1326,TREFFQZ128F93252D9
1327,TROYBKQ128F146C77C
1328,TRMZFLX128F4238217
1329,TRHGPKM128F149239D
1330,TRWGXPQ12903CC1835
1331,TREDTAZ128F42739D1
1332,TRXUBFV128F42410C4
1333,TRVZJEF128F1456743
1334,TRKNNQP128EF3570CE
1335,TRDJOCY128F4294CD5
1336,TRVFJFB128F92D4AEE
1337,TRODNPK12903CBC911
1338,TRBAEFH128F93331FE
1339,TRUZJVZ128F14647D8
1340,TRRQHIQ12903CA87B3
1341,TRNDZJT128E0792721
1342,TRUACML128F146E3E9
1343,TRLKYBM12903CD4B47
1344,TRLSEOF128F92DDC22
1345,TRHFGRA128F92D309A
1346,TRJHXEO128F425C34E
1347,TRCTXCH12903CBCA78
1348,TRRSFFR128F93252B4
1349,TRZRVQA128F9338FCA
1350,TRKYIHS128F9321EE6
1351,TRVBTTF12903CD72E4
1352,TRZNFHQ12903CBD4CB
1353,TRDZRIA128F149DA0D
1354,TREVBWU128F4259FBE
1355,TRROLNS128F145ACB4
1356,TRKTVEA128F4259640
1357,TRZKGPX128F92D1A62
1358,TRLFNSR128F931B0DD
1359,TRFNMWZ128F42648B9
1360,TRKHRFV128F92D3EB7
1361,TRJGNIP128F92F2669
1362,TRABIOA128F42A6DB1
1363,TRWQALP128F42BC348
1364,TRWKSSS128F92F14F5
1365,TRILIDM128F9364C90
1366,TRBRNAX128F9311245
1367,TRUCPLO128E0786BAC
1368,TRAFLKE128F9345209
1369,TRQKITP128F428E430
1370,TRWPUUA128F933582B
1371,TRLCHPH128F9303736
1372,TRNOXXY128F425EF16
1373,TRVHZMD12903CA0987
1374,TRPNDTA128F42480BD
1375,TRIGSFN128F42B9548
1376,TRPVLJD128EF34B96E
1377,TRPVQSL128F1458409
1378,TRSAIPX128F9336A0A
1379,TRNTYAA128F4265792
1380,TRGOAML128F92EC212
1381,TRGZMGO128F4267861
1382,TROUITZ128F931E8AC
1383,TRPFUKY128F9327C9D
1384,TROVWMD128E0789AFA
1385,TRTHXCP128F14A4732
1386,TRPJNIJ128F4215E0E
1387,TRBMLWR128F148B0B3
1388,TRBUCIY128F422B984
1389,TRJXXYA128F145ACAF
1390,TRRLUML128F145BE12
1391,TRGRCHN128F933DE2F
1392,TRIRYEF12903D061CD
1393,TRKYFLX12903CDFB38
1394,TRLGPFS128F933C13B
1395,TRKHBJX12903D080A1
1396,TRIAGRQ12903CAA80A
1397,TRKVOQY128F932B84A
1398,TREANGJ128F14989F6
1399,TRXUVZF12903CAA8D6
1400,TRKZYBB128F92CC97D
1401,TRSJSXO128F428CAE1
1402,TRJQICH128F4267AF3
1403,TRULRMX128F145FDE3
1404,TRSYFOA128F932CF9D
1405,TRJOKBO128F9320966
1406,TRZEKPQ128F4283F52
1407,TRVOKFP128F14A4744
1408,TRGWASK128F934AA5F
1409,TRPEGOQ128E078602B
1410,TRYYCJH12903C94644
1411,TRLWAHV128F9311D43
1412,TRMXBNZ128F4263117
1413,TRTHYMJ128EF349A39
1414,TRYZPUG12903CF47E6
1415,TRRPCCL128F425D8DB
1416,TRXOXTF128F9307FC8
1417,TRPNUBO128F9311406
1418,TRXNUMC128F14A4741
1419,TRWXGMQ128F92E8B59
1420,TRUADHX128F422555D
1421,TRQAMVI128F931F23E
1422,TRKHDPO128F92E4C4A
1423,TRKVGSS128F92F1759
1424,TRKQFLL128F4277925
1425,TRMLBOU128EF3451F0
1426,TRAZHUK128E0789114
1427,TRWRWED12903CB23E1
1428,TRSKNHF128F149CAF8
1429,TRPVCII128F42597F6
1430,TRBQZEF128F934298F
1431,TRSBCEX128F426EF9D
1432,TRTAJQJ12903CED1B7
1433,TRQDMRO128F14A470E
1434,TRIIDLR12903CC6630
1435,TRDNNUK128F9301136
1436,TRYABSA128F932F84D
1437,TRSDJVJ128F930DE58
1438,TRHSQBA128F148D656
1439,TRAVFEW128F92E2B47
1440,TRJMSZE128F4266C8B
1441,TRMONGT128F425FB78
1442,TRFOTQW128F92E85A4
1443,TRZUDKE128F14639C0
1444,TRUKPDW128F4298E7B
1445,TRFDCNQ128F1459669
1446,TRXFLUX128F4288736
1447,TRHIWPT128F9311738
1448,TRKTJJK128E0793D76
1449,TRTIOAY128F9322C81
1450,TRKTNBW128F92F137B
1451,TREHIQX128F4284C99
1452,TRARBGR128F42264D1
1453,TRPAETY128F931F660
1454,TRADCWR128F4262ED6
1455,TRTJGNC128F933380C
1456,TRHEHDP128F4262E54
1457,TRRXLYS12903CE1106
1458,TRHZYMR128F429D855
1459,TRFRITQ128F42AC266
1460,TRCMGES128E078F4B9
1461,TRXRTQZ12903CA8183
1462,TRPMGHH128E07917AC
1463,TRESUZN128F92EE488
1464,TRJIZOL12903C9AFFC
1465,TRKZTHY128F92F168D
1466,TRJPSQI128F4261E55
1467,TRNQBWX128F1454829
1468,TRKVJZZ128F14A312A
1469,TROQYZD128F92C72BD
1470,TRKNMDT128EF35708C
1471,TRVULOI128E078FA63
1472,TRFHYOH128F9358CEF
1473,TREEVPZ12903D0732F
1474,TRXATWV128F42921CE
1475,TROIUEM12903CBE954
1476,TRAOEGF128F930DD8E
1477,TRGWEYN128F42723CC
1478,TRJDCIJ128F92D1263
1479,TRYMYZN128F42B0279
1480,TRRWJUI128F934A7FC
1481,TRKWDYE128F1474B30
1482,TRVLWQR12903CBA6B2
1483,TRHYPKE128F426BF3E
1484,TRICOVA12903CF4661
1485,TRZASSN128F4285F07
1486,TRMYRFD128F92FE644
1487,TRDOGJP128F4270961
1488,TRJGQCQ128E078DFBA
1489,TRIUNBX128F4266158
1490,TRVLIFE128F92CBBC6
1491,TRREGRT128F145EEF9
1492,TREQWQQ128F92F2632
1493,TRTEQML128F146392B
1494,TRLGQPZ12903C9F46B
1495,TRJRLFB128F92D0675
1496,TRIKVEI128F92D1307
1497,TRHUVTX128F4272624
1498,TRRMSBZ12903CA6EAB
1499,TRYWLAN128F92E5395
1500,TRKQZMV128F1460F53
1501,TREAYDQ128F147CC6C
1502,TRDEZCG128F1494BA3
1503,TRNVAFJ128F9303B05
1504,TRPTHBX128F1467237
1505,TRRDVZY128F92F133E
1506,TRJQUAL128F426688A
1507,TRSDVNE128F428EBAE
1508,TRBVWRH128F1477A41
1509,TRAKZAD128F934A8A1
1510,TRAYVSX12903CF8A51
1511,TRKAHGT128F1456BEC
1512,TRUSEXO128F9336AE4
1513,TRCBDGX128F92C2EFD
1514,TRZICIA128F428AB46
1515,TRSOURU12903CB5611
1516,TRHHSOS128F42ACD17
1517,TREHDOO12903CBFE45
1518,TROBBVK12903CA7753
1519,TRRFIVR128F934D81A
1520,TRPFPIL128F42AB2DB
1521,TRKZUVS128F935937B
1522,TRRPAIZ128F148C542
1523,TRFIFUS128F42762BA
1524,TRDWYWW128F92C2EB1
1525,TRFNBEW128F426CF6D
1526,TRZSGJS128EF3519EF
1527,TRBTXLS128F933582E
1528,TRBLBMO128F1485D82
1529,TRFGXLG128F4247F3E
1530,TRNXKNA128F145B054
1531,TRIVSEE12903CD7238
1532,TRSFQTF128F934AB94
1533,TRKVNRF128F92D78A7
1534,TRCTSAR128F9306235
1535,TRPOTGV128F4266984
1536,TRQOESD12903CA099A
1537,TRVLFHX128F149167D
1538,TRYGKXK12903CDA57F
1539,TRXUVUR128F935A07A
1540,TRVDBYT128F932476D
1541,TRQNPXM128F4230805
1542,TRPTCNR128F1459965
1543,TRKNNGJ128F933830F
1544,TRVFTPQ128F92E2D88
1545,TRZMJML128F4298E78
1546,TRIMJQY128F9322A5A
1547,TRCZJLV128F4288D8F
1548,TRWKAWC128E07917D7
1549,TRJEAMU128F4250F94
1550,TRQBFEY128F934A8C2
1551,TRUQHPU128F4264500
1552,TRCYNTQ128F1498A05
1553,TRSLHZY128F425A02F
1554,TRFWXOJ12903CED198
1555,TRCJGYL128F428C78C
1556,TRYSOTZ128F932391B
1557,TRUZUIN128F4289AD1
1558,TRDPBEW128F4290718
1559,TRUXVAY128F421CFBC
1560,TRQNRFC128F934AB98
1561,TRSZRWO128F4276800
1562,TRDRKSJ12903CAB628
1563,TRJHOAR128F92C2171
1564,TRWQAFX128F428DBB0
1565,TRZQRHK128F42A28B6
1566,TRKVEEJ128F149CAFD
1567,TRKZNKI12903D0CD10
1568,TRCINAY128F4247F94
1569,TRMESEQ128F9318C0B
1570,TRVVDWE128F92FBA3F
1571,TRYCZEO128F9320950
1572,TRVUFYR128F9335289
1573,TROQHPL128F1484D32
1574,TRXYEYX128F9311478
1575,TRGMWXV128F92DF8F0
1576,TREEBNN128F42674BF
1577,TRXSMUD128F4296A8D
1578,TRPVQGU128F931ED7D
1579,TROKUQB128F1474A07
1580,TRRHAYU128F9322C11
1581,TRWWPYN128F42ACF2A
1582,TRMZQVL128F1490EE7
1583,TROZKLV128F4272388
1584,TRUQNPA12903CB7551
1585,TRCRJDR128F9322815
1586,TRFHVXS128E078988F
1587,TRECRRB128F425FC13
1588,TRFPHWT128E079409B
1589,TRKTXNZ128F9316C4F
1590,TRCEZTJ128F146672D
1591,TRCVBOV12903CFE8DF
1592,TRKZKDB12903C96FFF
1593,TRMVQFL12903D00D68
1594,TRIEDBK128F92F2ABE
1595,TRSKVVL12903CF12F0
1596,TRNXLMC128F92EA56C
1597,TRVFIFJ128F429846C
1598,TRRTNCU128F92F1397
1599,TRHUBPB12903CFB6A9
1600,TRTWZZZ128F42A32F1
1601,TRZBUWF128F4298F5F
1602,TRXRFBY128F93234B5
1603,TRTFQJC128F92F158B
1604,TRATYUK128F932A6F7
1605,TRZQIGS128F4290259
1606,TRPDFCH128F42B129A
1607,TRMDEZV128F932FBD0
1608,TRWMWSM128F42ACE15
1609,TRSOQKV12903CC2245
1610,TRGQIAT128F14B08B0
1611,TRMLIAA128F42B7E31
1612,TRHTBOF128F4280810
1613,TRTTIWB128F93503EE
1614,TRJJCWF128F145B8D2
1615,TRNIYIH128F429D9A9
1616,TRTQUGS128F425BBF2
1617,TRVJHND128F42B329C
1618,TRJGVKZ128F93146B9
1619,TRSLWJO12903CBFC15
1620,TRIYCLR128EF357094
1621,TRNSQUC128F92D2C68
1622,TRSDFXH128F931F7C3
1623,TRDWMXT128E0789CEB
1624,TRGPTZG128F93430BE
1625,TRBULVD128F4293D27
1626,TRTLTWP128F92C4A55
1627,TRAUHFI128F9326238
1628,TRZPDLL128F92EFFA1
1629,TRVKHZQ128F92E322F
1630,TRIOIFD128F9353D97
1631,TRPUYOR128F9324E9A
1632,TRIGLXM128F42AF1E5
1633,TRTBZPK128F427F0C2
1634,TRVFSPE128F930AA04
1635,TRHYWUE128F92EB05D
1636,TRSZKBC12903CB340E
1637,TRKEWIP128F427FF6F
1638,TRWIFAD128F932E1C7
1639,TRJMOXH128F1456A0D
1640,TRCAYPK128F92E7190
1641,TRTDEVE12903CCDB36
1642,TRJEOIB128F92F138F
1643,TRXNNNY128F9306BFA
1644,TRKVUFH128E078A730
1645,TRLSNHB128F9330825
1646,TRKYFZM128F932C1BB
1647,TRRNDED128F4247F3C
1648,TRYQBWX128F9326C8C
1649,TRIHURN128F4247870
1650,TREONTF128F42BBAC2
1651,TRVBFNI128F932002F
1652,TRLAMUB128F14664FA
1653,TRZJPLZ128F425F182
1654,TRMKTFU128F42AF61F
1655,TRCPIRK12903D0ED7E
1656,TRRKWDI12903CAB6AB
1657,TRYNBSV128F4270908
1658,TRGCNZR128F14815B0
1659,TRNIWNC128F932531D
1660,TRMLWOZ12903CB4427
1661,TRPNSAC128F92FCEF7
1662,TRKXZFT128F92C2575
1663,TRPAGVT128F427C0A2
1664,TROGNMU128F145ACB8
1665,TRCXOIA128F425D7CA
1666,TRIMUUC12903CC600C
1667,TRHEPOD128F42652E3
1668,TRKCGRF128F92CBE9C
1669,TRKUNFZ12903CA774B
1670,TRHBSMY128F92D5D3C
1671,TRYJZFM128F930E0DC
1672,TRIMPFQ128F42B3024
1673,TRPEAWI12903D08FFD
1674,TRNOGKB128F92EC4BA
1675,TRUTBTK12903D042DD
1676,TRDVHRE128F1459AB5
1677,TRMDRPJ12903CAF842
1678,TREVCGZ128E079232A
1679,TRMBBPU128F146D3C1
1680,TRICLKC128F4267633
1681,TRHOHOT128F145EC20
1682,TRKBUFR12903D05A2E
1683,TROITTE128F92ED2CA
1684,TRJCOLS128F935E2A0
1685,TREWTIO128F145497E
1686,TRMCJFC128F92F0CE1
1687,TRWITZC12903CAB246
1688,TRKLZEP128F148B770
1689,TROKPJE128F42B0D20
1690,TRYOFYZ12903CB6A94
1691,TRQFTMR128F931FB00
1692,TRZGUQP128F9305271
1693,TRCUBIF128F1484D05
1694,TRFCTBB128F4279C16
1695,TRACJWQ128F92E526E
1696,TRUDNRB128F42598CA
1697,TRPSBFD128F426762F
1698,TROBOAI128E078480D
1699,TRZWUXO128F9313661
1700,TRCOQTI128F4261DF7
1701,TRUTEOI128F92C3241
1702,TRJXBBE12903CDA3E3
1703,TRTJWFK128F931C0A2
1704,TRYSVWA128F146D608
1705,TROHYKR128F9317025
1706,TRRFOZL12903CF7443
1707,TRCLZFC128E07928AC
1708,TRVJJKI128F9302ADD
1709,TRBMXRE128F428F8E7
1710,TRQMWIR128F429567A
1711,TRBMAIL128F930842F
1712,TRNMGOK128F93496FC
1713,TRZRCHR128F4272A6A
1714,TRJSLGC128F42B84FD
1715,TRKYBEQ128F42AC7B7
1716,TRQXQRU128F932A753
1717,TRMYNVX128F92D3097
1718,TRWGTRJ128F42756E4
1719,TROTHWF128F935851C
1720,TROOLPP12903D0950F
1721,TRKVPWH128F427E9FD
1722,TRDJDWO128F4288C92
1723,TRNEUDA128F42890FD
1724,TRXHSVD128F4227DAF
1725,TRJVOGE128F145D080
1726,TRQULOD12903CEC793
1727,TRAQXJV128F42AEAEC
1728,TRLCDRU12903CB593D
1729,TRCYPQV128F428CB1C
1730,TRKWAKR128F9329F6E
1731,TRZCEZH128F42AB2FB
1732,TRBCIRO128F42B0277
1733,TRBBAEQ128F42B18B9
1734,TRHEVPM128F145482A
1735,TRIIMII128E07844E4
1736,TRSQXRT128F14919A0
1737,TREUITQ12903D05934
1738,TRGFKET128F42723E6
1739,TRPLKPM128F42A631E
1740,TREBOFC128F931F4C3
1741,TRMRWUH128F421C089
1742,TRYHATG128F427925D
1743,TRIJYLT128F4270664
1744,TRRCVPF128F934A7FA
1745,TROAQHB128F9343430
1746,TRALIVO128F4279262
1747,TRGXVIQ128E0792864
1748,TROYELE128F1495692
1749,TRTEOTE128F92CBB04
1750,TREQJVP128F42690EC
1751,TRKWWIB12903C9DF1E
1752,TRTXJIC12903CA7766
1753,TRMJDTQ12903C9FDE0
1754,TRANSXB128F934A807
1755,TRDHMUH128F427AC1B
1756,TRSBZTP128F42507D7
1757,TRKTRGF128F42B323B
1758,TRAJZWM128F4262BBD
1759,TRGHUUE128F423F30A
1760,TRDTWBE128F429F405
1761,TRAQYXB128F92EC315
1762,TRBNYBX128F422EC61
1763,TRLQDBI128F92F213C
1764,TRIQCXV128F42AE415
1765,TRNKLHF128F145BBD9
1766,TRRPSPI128F92D150F
1767,TRPYJVG128F4255504
1768,TRGUQEH128F146BA6E
1769,TRLBWDA128F42412AD
1770,TRKYSPY128F42BC1AC
1771,TRGTKVH128F42AB2ED
1772,TRSRRWM12903CDA3DE
1773,TRJUCCT128F1464464
1774,TRECXNY128F42BC249
1775,TRXTTBU128F4263D40
1776,TRMHWRC12903CEDC11
1777,TRAGNYU128F42246AC
1778,TRMVFXN128F93163E0
1779,TRBAZFD12903CB641D
1780,TRDSUJR128F4278EE3
1781,TRWEFJA128F42BB94C
1782,TRMMLUW128E078EF9E
1783,TRGNBVG128F930AC6A
1784,TRBWPFK128F932D241
1785,TRKWBXN12903CB309E
1786,TREMNND128F92E7228
1787,TRCZEZF12903CBAB30
1788,TRPCHYW128F933D73F
1789,TRBPDXQ128F42652EB
1790,TRALFJE128F427212E
1791,TRVNRST128F42AB19A
1792,TRLZWIH128F426073C
1793,TRCAGBD128F4259B91
1794,TRSRFDM128F42299ED
1795,TRESXCW128F4285102
1796,TRTCUNZ128F92F7D56
1797,TRUWGLC128F931F74F
1798,TRCAMGB128F145F925
1799,TRPMZDI128F14916D1
1800,TRADAVV128F4269908
1801,TRGTGJR128F92D2C42
1802,TRSLSYU128F4266F96
1803,TRFPTAF128F148BE42
1804,TRZGCHE128F934F698
1805,TRSXJSL12903CC9FA4
1806,TRTWKWJ128F92D3FD7
1807,TRRZTNQ128F931132A
1808,TRKWTNL128F92F9F15
1809,TREISPC128F932E2DC
1810,TRKYWBO128F148C427
1811,TRZZLPJ128F92FAA77
1812,TRUDURE12903CA15B8
1813,TRLBSBJ128F931F18F
1814,TRPKZRM128E0785DCF
1815,TRRDBJG128F422B8B3
1816,TRPGTDZ128F1468AC5
1817,TRNBJVD128F4264B77
1818,TRQMCHU128F146F5B1
1819,TRXXZSH128F1468B07
1820,TRJRNPC128F4287F8B
1821,TRHFUMC128F1465DD8
1822,TRIPQLR128F93094C4
1823,TRGEBKD128F427267D
1824,TRGIAHV12903CCE145
1825,TRBUYHI12903CF48E4
1826,TRKYRGZ128F92DE268
1827,TRNFUVW128F426338B
1828,TRKKTXF128F1485D94
1829,TRZOCHA128F145BF98
1830,TRJWFZB128F92F137E
1831,TRXJZFC128F92D5BC6
1832,TRAYADL128F14A4735
1833,TRYADNZ12903CA1660
1834,TRJHUON128E078E823
1835,TRBHVRU128F426411E
1836,TRIHNSZ12903C9FF9D
1837,TRTZPWA128F93227E9
1838,TRAKJNX128F92CF428
1839,TRQIDDT128F92F1218
1840,TRIBRPC128F92F749F
1841,TRMPYTL128F428FFA7
1842,TRASIAG128F931B2DF
1843,TRKWWPA128F93082B8
1844,TRRHHQD128F4255598
1845,TRAGAVF128F424829B
1846,TRBGABI12903CDF3E1
1847,TRPGRPJ128F4281E88
1848,TRKUYXH128F92FC192
1849,TREBAPX128F4291730
1850,TRJRXHD128F92F14E8
1851,TRCOYQN128F1457F19
1852,TRNLYLO128F148D14E
1853,TRDANKB128F427FD43
1854,TRXMUIQ128F9334E72
1855,TRNFYVA12903CFADBA
1856,TRCMATJ128F1485DCD
1857,TRMFPZF128F92F7D51
1858,TRCDDNL128F1459D9F
1859,TRGJJBE128F148C429
1860,TRTHQEE128F1492399
1861,TRXUDSE12903CC607D
1862,TRZYOAN128F9330822
1863,TRPLITT128F424999F
1864,TRNBAVB128F92F5F45
1865,TRXFPSZ128F4230D39
1866,TRDNEDU128F4293708
1867,TRZAWOC128F931E0C1
1868,TRGXGJF128F933B4EB
1869,TRXONNW12903CCBAF0
1870,TRSYNRW128F92DFFD1
1871,TROZYTC128F427EFBB
1872,TRQWBBJ128F92FD6F7
1873,TRICHJG128F1484D1C
1874,TREWPLX128F92F4350
1875,TROYUZD128F931BEC3
1876,TRJELIO128F426237F
1877,TRZMNZQ12903CD4B23
1878,TROVXWL128F4267A3C
1879,TRKWQXW128F429D13E
1880,TRNHMHR128F427064A
1881,TRWAEOU128F14621DA
1882,TRAGNBQ128F149CB93
1883,TRSUJOB128F4278049
1884,TREDVOW128F92E5476
1885,TRYRCXK128F932A7E9
1886,TRMMSSG128F92C6877
1887,TRDABQJ128F93229F0
1888,TRKWXST128F428D0ED
1889,TRTBUZN12903D002F1
1890,TRUPDAM128F92FE67C
1891,TRWRAQA128F4289F6A
1892,TRODZPY128F92F6FEE
1893,TRWUJSG128F93331F0
1894,TRNHCPK128F933BAAB
1895,TRTNFBN128F426DF74
1896,TRXNDJM12903CA144C
1897,TRQECZU128F933DB17
1898,TREGURF128F92EAA17
1899,TRPBDFC128F4259FBB
1900,TRCUNLB128E0783EC3
1901,TRCNVIW128E07942F9
1902,TRWJRNU128F93351D6
1903,TRTZIUX128F4240C17
1904,TRGJXNX128F92F8757
1905,TRCWJEN128E0782564
1906,TRCVVGI128F14792A4
1907,TRACPOT128F92E9E61
1908,TRTNHNA12903D05338
1909,TRZZUXC12903D05A27
1910,TRAWULX128F4291255
1911,TRCQDOK128F9327436
1912,TRTGVKC128E078FB31
1913,TRNJREN128F4267C9B
1914,TRCOOCI128F92CD8AB
1915,TRDUKJB128F42499EA
1916,TRNLUNF12903CCAB29
1917,TROVYLM128F92DF5CC
1918,TRQLFKE128F93285C5
1919,TRGCHLH12903CB7352
